Drawing_Number,Title,Type,Zones_Affected,Fastener_Type,Revision,Status,CAD_File,Owner,Checker,Last_Updated
53-JS-1000,Longitudinal Splice Upper Lower,Longitudinal,All,Hi-Lok,A,Draft,53-JS-1000_Longitudinal_Splice_Upper_Lower_Q100.svg,Engineering,QA,2025-11-24
53-JS-1001,Longitudinal Splice Fastener Pattern,Longitudinal,All,Hi-Lok,A,Draft,53-JS-1001_Longitudinal_Splice_Fastener_Pattern_Q100.svg,Engineering,QA,2025-11-24
53-JS-2000,Circumferential Splice Zone 100-200,Circumferential,100-200,Hi-Lok,A,Draft,53-JS-2000_Circumferential_Splice_Zone_100-200_Q100.svg,Engineering,QA,2025-11-24
53-JS-2001,Circumferential Splice Zone 200-300,Circumferential,200-300,Hi-Lok,A,Draft,53-JS-2001_Circumferential_Splice_Zone_200-300_Q100.svg,Engineering,QA,2025-11-24
53-JS-2002,Circumferential Splice Zone 300-400,Circumferential,300-400,Hi-Lok,A,Draft,53-JS-2002_Circumferential_Splice_Zone_300-400_Q100.svg,Engineering,QA,2025-11-24
53-JS-2003,Circumferential Splice Zone 400-500,Circumferential,400-500,Hi-Lok,A,Draft,53-JS-2003_Circumferential_Splice_Zone_400-500_Q100.svg,Engineering,QA,2025-11-24
53-JS-2004,Circumferential Splice Zone 500-600,Circumferential,500-600,Hi-Lok,A,Draft,53-JS-2004_Circumferential_Splice_Zone_500-600_Q100.svg,Engineering,QA,2025-11-24
53-JS-3000,Door Frame to Shell Interface,Interface,All,Hi-Lok,A,Draft,53-JS-3000_Door_Frame_to_Shell_Interface_Q100.svg,Engineering,QA,2025-11-24
53-JS-4000,Floor Beam to Shell Attachment,Interface,All,Bolt,A,Draft,53-JS-4000_Floor_Beam_to_Shell_Attachment_Q100.svg,Engineering,QA,2025-11-24
